{
    "best_val_dice": 0.8850409090518951,
    "total_epochs": 39,
    "final_train_loss": 0.057232506891212814,
    "final_val_loss": 0.17220616713166237,
    "timestamp": "20260511_050022"
}