{
    "train_loss": [
        0.38653496452947944,
        0.22655409738057997,
        0.18084590954751503,
        0.14927898183828447,
        0.13609148162167248,
        0.12883083340598317,
        0.12531882115617032,
        0.10824855462443538,
        0.1045713773587855,
        0.10910069760752887,
        0.10414126787970705,
        0.09399762649725123,
        0.09136543004977994,
        0.09524409000466509,
        0.09576688057220564,
        0.08485966307542674,
        0.08327346127025964,
        0.080689716175562,
        0.07743616129566984,
        0.07845868365611972,
        0.07846963546443277,
        0.07049004006676557,
        0.0706352008188643,
        0.07118361961187386,
        0.07684459228341173,
        0.06757037137158034,
        0.06710267621206074,
        0.068017068114586,
        0.06369177474663025,
        0.06302445304648178,
        0.06212677965622123,
        0.06113877706229687,
        0.061053868337738806,
        0.059331026882296654,
        0.0568775617767398,
        0.057398179500568206,
        0.05531178069550816,
        0.05478103895012925,
        0.057232506891212814
    ],
    "train_dice": [
        0.5274798019630152,
        0.7168067119470457,
        0.7861101881759923,
        0.8238755878878803,
        0.8444616423874367,
        0.8547139843789543,
        0.861496355475449,
        0.8807500855224889,
        0.8856619167618636,
        0.8798974209987536,
        0.887547889133779,
        0.8989745044126743,
        0.9021863653892424,
        0.903550815291521,
        0.896480909571415,
        0.9090543556504134,
        0.9113929104514238,
        0.9143946141731448,
        0.9184659690391727,
        0.9168400364678081,
        0.9174002001925212,
        0.925215994439474,
        0.9252848138169545,
        0.9245117779185132,
        0.918211463021069,
        0.9280466742631865,
        0.928317599907154,
        0.9280849397182465,
        0.9325031013023563,
        0.9328181387447729,
        0.9341671328719069,
        0.9344403889121079,
        0.9352012305724912,
        0.9360917087008314,
        0.9388862055976216,
        0.939844688991221,
        0.9412658163687078,
        0.9420058654575814,
        0.9388652131324862
    ],
    "val_loss": [
        0.24920044839382172,
        0.18659589067101479,
        0.1692909188568592,
        0.1675361655652523,
        0.15065738558769226,
        0.14637842774391174,
        0.14926250837743282,
        0.14028972387313843,
        0.14760084636509418,
        0.15103627741336823,
        0.14222240261733532,
        0.12990219704806805,
        0.12912767939269543,
        0.12990842014551163,
        0.14761611074209213,
        0.1381327509880066,
        0.13038863986730576,
        0.14761769771575928,
        0.15425701439380646,
        0.15908517502248287,
        0.15146251022815704,
        0.14080234244465828,
        0.14059875532984734,
        0.1926000826060772,
        0.1393009051680565,
        0.15278644859790802,
        0.14752179756760597,
        0.1502329781651497,
        0.14012208208441734,
        0.16795432195067406,
        0.14681978151202202,
        0.16276491060853004,
        0.15448613092303276,
        0.16327025927603245,
        0.1639443337917328,
        0.16297351196408272,
        0.16786320134997368,
        0.16791018471121788,
        0.17220616713166237
    ],
    "val_dice": [
        0.7074401676654816,
        0.7844596654176712,
        0.8131587207317352,
        0.8283823728561401,
        0.8479132503271103,
        0.8535652756690979,
        0.8563556522130966,
        0.8647174090147018,
        0.861261248588562,
        0.8685670793056488,
        0.8675597012042999,
        0.8786138445138931,
        0.8818860203027725,
        0.8816747963428497,
        0.871908038854599,
        0.879043847322464,
        0.8837354183197021,
        0.8728929758071899,
        0.871214747428894,
        0.870343491435051,
        0.8779582530260086,
        0.8815593272447586,
        0.8805954903364182,
        0.851181223988533,
        0.8826756328344345,
        0.8760665506124496,
        0.884392261505127,
        0.8791501373052597,
        0.8850409090518951,
        0.8704854995012283,
        0.8803345561027527,
        0.8744586259126663,
        0.8787505179643631,
        0.8769170790910721,
        0.8763215392827988,
        0.8782244622707367,
        0.8763871937990189,
        0.8783585727214813,
        0.8736917525529861
    ]
}